Workbook

Sheet 會員原始資料表
A1: 企業客戶關係管理系統 (CRM) - 原始會員資料表
A2: 資料筆數：100 筆 | 匯出日期：2026-08-18 | 機密等級：內部專用 (RESTRICTED)
A3: 會員編號 | B3: 姓名 | C3: 性別 | D3: 年齡 | E3: 居住縣市 | F3: 電子信箱 | G3: 手機號碼 | H3: 會員等級 | I3: 入會日期 | J3: 獲客管道 | K3: 消費次數 | L3: 總消費金額 (NT$) | M3: 平均客單價 (NT$) | N3: 最近消費日期 | O3: 累計紅利點數 | P3: 帳號狀態
A4: M20260001 | B4: 陳子軒 | C4: 男 | D4: 37 | E4: 台北市 | F4: trxcka39@yahoo.com.tw | G4: 0974-716-127 | H4: 銀卡會員 | I4: 2026-01-21 | J4: LINE官方帳號 | K4: 6 | L4: 22719 | M4: =ROUND(L4/K4, 0) | N4: 2026-06-20 | O4: 353 | P4: 沈睡會員
A5: M20260002 | B5: 郭建宏 | C5: 男 | D5: 37 | E5: 台北市 | F5: cjjigbl58@gmail.com | G5: 0920-665-400 | H5: 金卡會員 | I5: 2026-06-20 | J5: FB廣告 | K5: 17 | L5: 37601 | M5: =ROUND(L5/K5, 0) | N5: 2026-06-24 | O5: 410 | P5: 正常活躍
A6: M20260003 | B6: 黃郁婷 | C6: 女 | D6: 34 | E6: 高雄市 | F6: hqjjfgyq78@yahoo.com.tw | G6: 0941-267-573 | H6: 一般會員 | I6: 2026-02-14 | J6: 實體門市 | K6: 6 | L6: 3456 | M6: =ROUND(L6/K6, 0) | N6: 2026-02-28 | O6: 50 | P6: 正常活躍
A7: M20260004 | B7: 謝欣怡 | C7: 女 | D7: 24 | E7: 台北市 | F7: fmxqddt84@hotmail.com | G7: 0964-697-508 | H7: 一般會員 | I7: 2023-10-11 | J7: KOL推薦 | K7: 4 | L7: 1544 | M7: =ROUND(L7/K7, 0) | N7: 2024-01-15 | O7: 42 | P7: 正常活躍
A8: M20260005 | B8: 郭宇軒 | C8: 男 | D8: 24 | E8: 新北市 | F8: nzwasrng24@hotmail.com | G8: 0947-545-261 | H8: 一般會員 | I8: 2024-06-23 | J8: KOL推薦 | K8: 2 | L8: 4958 | M8: =ROUND(L8/K8, 0) | N8: 2024-10-09 | O8: 135 | P8: 正常活躍
A9: M20260006 | B9: 李建宏 | C9: 男 | D9: 30 | E9: 桃園市 | F9: pmcjz40@hotmail.com | G9: 0917-346-999 | H9: 銀卡會員 | I9: 2023-06-11 | J9: 官網註冊 | K9: 10 | L9: 10267 | M9: =ROUND(L9/K9, 0) | N9: 2026-06-05 | O9: 259 | P9: 正常活躍
A10: M20260007 | B10: 廖佳穎 | C10: 女 | D10: 36 | E10: 桃園市 | F10: zytrskrj25@icloud.com | G10: 0941-330-165 | H10: 一般會員 | I10: 2026-04-19 | J10: KOL推薦 | K10: 2 | L10: 5620 | M10: =ROUND(L10/K10, 0) | N10: 2026-05-17 | O10: 57 | P10: 正常活躍
A11: M20260008 | B11: 劉宗憲 | C11: 男 | D11: 22 | E11: 高雄市 | F11: nhmos41@icloud.com | G11: 0970-926-516 | H11: 一般會員 | I11: 2023-07-18 | J11: 親友推薦 | K11: 4 | L11: 3702 | M11: =ROUND(L11/K11, 0) | N11: 2025-12-01 | O11: 67 | P11: 沈睡會員
A12: M20260009 | B12: 張冠宇 | C12: 男 | D12: 45 | E12: 台中市 | F12: gelkh19@yahoo.com.tw | G12: 0966-927-982 | H12: 金卡會員 | I12: 2023-07-20 | J12: 官網註冊 | K12: 18 | L12: 60427 | M12: =ROUND(L12/K12, 0) | N12: 2023-08-19 | O12: 1775 | P12: 沈睡會員
A13: M20260010 | B13: 王冠廷 | C13: 男 | D13: 51 | E13: 桃園市 | F13: xeakyuhs29@icloud.com | G13: 0934-403-322 | H13: 黑卡尊榮 | I13: 2026-04-01 | J13: 親友推薦 | K13: 32 | L13: 72989 | M13: =ROUND(L13/K13, 0) | N13: 2026-07-05 | O13: 1187 | P13: 正常活躍
A14: M20260011 | B14: 邱思妤 | C14: 女 | D14: 53 | E14: 台北市 | F14: wbbwk84@yahoo.com.tw | G14: 0986-140-734 | H14: 一般會員 | I14: 2026-04-10 | J14: KOL推薦 | K14: 5 | L14: 3391 | M14: =ROUND(L14/K14, 0) | N14: 2026-05-13 | O14: 47 | P14: 正常活躍
A15: M20260012 | B15: 蔡冠廷 | C15: 男 | D15: 28 | E15: 台中市 | F15: lyyaqoc74@yahoo.com.tw | G15: 0943-235-457 | H15: 金卡會員 | I15: 2024-05-15 | J15: FB廣告 | K15: 12 | L15: 35338 | M15: =ROUND(L15/K15, 0) | N15: 2025-08-06 | O15: 942 | P15: 正常活躍
... A103: M20260100 | B103: 黃欣怡 | C103: 女 | D103: 30 | E103: 桃園市 | F103: rojturct16@hotmail.com | G103: 0922-547-337 | H103: 金卡會員 | I103: 2024-11-28 | J103: KOL推薦 | K103: 20 | L103: 64033 | M103: =ROUND(L103/K103, 0) | N103: 2026-01-08 | O103: 1881 | P103: 正常活躍
A104: 總計 / 平均 | D104: =AVERAGE(D4:D103) | K104: =SUM(K4:K103) | L104: =SUM(L4:L103) | M104: =AVERAGE(M4:M103) | O104: =SUM(O4:O103)

Sheet 數據摘要儀表板
A1: 會員數據分析與統計概覽 (KPI Dashboard)
B3: 總會員人數 | D3: 總消費營業額 | F3: 平均客單價 | H3: 活躍會員佔比
B4: =COUNTA(會員原始資料表!A4:A103) | D4: =會員原始資料表!L104 | F4: =會員原始資料表!M104 | H4: =COUNTIF(會員原始資料表!P4:P103, "正常活躍")/100
B7: 會員等級分析 | C7: 人數 | D7: 消費佔比 | F7: 獲客管道 | G7: 人數 | H7: 總貢獻金額
B8: 一般會員 | C8: =COUNTIF(會員原始資料表!$H$4:$H$103, "一般會員") | D8: =SUMIF(會員原始資料表!$H$4:$H$103, "一般會員", 會員原始資料表!$L$4:$L$103)/會員原始資料表!$L$104 | F8: 官網註冊 | G8: =COUNTIF(會員原始資料表!$J$4:$J$103, "官網註冊") | H8: =SUMIF(會員原始資料表!$J$4:$J$103, "官網註冊", 會員原始資料表!$L$4:$L$103)
B9: 銀卡會員 | C9: =COUNTIF(會員原始資料表!$H$4:$H$103, "銀卡會員") | D9: =SUMIF(會員原始資料表!$H$4:$H$103, "銀卡會員", 會員原始資料表!$L$4:$L$103)/會員原始資料表!$L$104 | F9: 實體門市 | G9: =COUNTIF(會員原始資料表!$J$4:$J$103, "實體門市") | H9: =SUMIF(會員原始資料表!$J$4:$J$103, "實體門市", 會員原始資料表!$L$4:$L$103)
B10: 金卡會員 | C10: =COUNTIF(會員原始資料表!$H$4:$H$103, "金卡會員") | D10: =SUMIF(會員原始資料表!$H$4:$H$103, "金卡會員", 會員原始資料表!$L$4:$L$103)/會員原始資料表!$L$104 | F10: FB廣告 | G10: =COUNTIF(會員原始資料表!$J$4:$J$103, "FB廣告") | H10: =SUMIF(會員原始資料表!$J$4:$J$103, "FB廣告", 會員原始資料表!$L$4:$L$103)
B11: 黑卡尊榮 | C11: =COUNTIF(會員原始資料表!$H$4:$H$103, "黑卡尊榮") | D11: =SUMIF(會員原始資料表!$H$4:$H$103, "黑卡尊榮", 會員原始資料表!$L$4:$L$103)/會員原始資料表!$L$104 | F11: LINE官方帳號 | G11: =COUNTIF(會員原始資料表!$J$4:$J$103, "LINE官方帳號") | H11: =SUMIF(會員原始資料表!$J$4:$J$103, "LINE官方帳號", 會員原始資料表!$L$4:$L$103)
F12: KOL推薦 | G12: =COUNTIF(會員原始資料表!$J$4:$J$103, "KOL推薦") | H12: =SUMIF(會員原始資料表!$J$4:$J$103, "KOL推薦", 會員原始資料表!$L$4:$L$103)
F13: 親友推薦 | G13: =COUNTIF(會員原始資料表!$J$4:$J$103, "親友推薦") | H13: =SUMIF(會員原始資料表!$J$4:$J$103, "親友推薦", 會員原始資料表!$L$4:$L$103)
B15: 帳號狀態 | C15: 人數
B16: 正常活躍 | C16: =COUNTIF(會員原始資料表!$P$4:$P$103, "正常活躍")
B17: 沈睡會員 | C17: =COUNTIF(會員原始資料表!$P$4:$P$103, "沈睡會員")
B18: 凍結 | C18: =COUNTIF(會員原始資料表!$P$4:$P$103, "凍結")
